{
  "Show all female patients born after 1980": "SELECT patient_id, name, gender, birth_date, condition FROM patients WHERE gender = 'female' AND birth_date > '1980-01-01';",
  "Find the doctor who has the most appointments": "SELECT d.name AS doctor_name, COUNT(a.appointment_id) AS appointment_count FROM appointments a JOIN doctors d ON a.doctor_id = d.doctor_id GROUP BY d.name ORDER BY appointment_count DESC LIMIT 1;",
  "Find the doctor who has the less appointments": "SELECT d.doctor_id, d.name, COUNT(a.appointment_id) AS appointment_count\nFROM doctors d\nLEFT JOIN appointments a ON d.doctor_id = a.doctor_id\nGROUP BY d.doctor_id, d.name\nORDER BY COUNT(a.appointment_id) ASC\nLIMIT 1;",
  "Give me the number of patients in the database": "SELECT COUNT(patient_id) AS number_of_patients FROM patients;",
  "Give me the number of male patients in the database": "SELECT COUNT(*) AS male_patient_count FROM patients WHERE gender = 'male';",
  "": "SELECT COUNT(patient_id) AS number_of_patients FROM patients;",
  "can you give me the name of all the patients": "SELECT name FROM patients;",
  "Give me list of name of patients": "SELECT COUNT(patient_id) AS number_of_patients FROM patients;"
}